NAME,X,Y,WIDTH,HEIGHT,ROTATION,STROKE,FILL,SEED_X,SEED_Y,D
background,0,0,600,235,0,#FBC082,#FBC082,300,117.5,M600 236H0V0H600V236Z
wall,0,236,600,364,0,#357BB6,#357BB6,300,182,M0 365V1H600V365H0Z
cat_body,44,180,298,56,0,#403B3F,#403B3F,149,28,M8.41415 32.6004C-0.358257 41.3643 0.439234 52.5184 1.93453 57L299 56.5021C254.739 -8.82907 147.643 1.72747 99.6272 15.1721C86.1695 -0.762283 62.2448 -2.25615 35.8279 5.71107C20.5 10.3339 11.5 10.5 8.41415 32.6004Z
cat_ear_right,50.05,182.28,23.75,14.22,0,#403B3F,#403B3F,11.45,4,M2.50004 1.49999C-0.89504 1.89173 3.33333 10.3333 6.5 15.5C11.1667 15.1667 20.6001 11.9 25 5.5C16.5 2.99999 11 0.519215 2.50004 1.49999Z
cat_ear_right_lighted,50.05,182.28,23.75,14.22,0,#BDB9B5,#BDB9B5,12.95,4.72,M7.50003 5.99999C5.90003 5.99999 5.50003 5 5.50003 4.5C5.50003 2.5 16.5 4.99999 18.5 5.99999C20.5 6.99999 18.5 10 17.5 8.5C16.5 7 9.50003 5.99999 7.50003 5.99999Z
cat_ear_left,104.03,163.88,24.47,20.12,0,#403B3F,#403B3F,9.97,9,M18.0329 1.01552C16.0329 -0.484468 4.86626 11.1822 1.03293 17.0155L25.5 21C23.3333 14.1666 20.7162 3.02797 18.0329 1.01552Z
cat_ear_left_lighted_1,104.03,163.88,24.47,20.12,0,#BDB9B5,#BDB9B5,9.97,9,M15.5 6.49999C16.3 4.49999 14 5.18732 13 6.18732C10.8333 8.18732 6.40001 12.7873 6.00001 15.1873C5.60001 17.5873 8.00001 15 8.00001 15C10.1667 13 14.7 8.49999 15.5 6.49999Z
cat_ear_left_lighted_2,104.03,163.88,24.47,20.12,0,#BDB9B5,#BDB9B5,14.97,13,M18.5 14.5C20.1 13.7 19.0377 12.5 17 12.5C16 12.5 14.6 12.8 13 14C11.4 15.2 12.7898 16.2421 14 16C15 15.8 16.9 15.3 18.5 14.5Z
cat_eye_right_white,62,205,18,9,0,#BBA726,#BBA726,9,3,M16.4862 5.05978C19.6446 5.44331 19.4472 3.14212 17.9667 2.18328C15.0057 0.265625 9.57724 0.745036 4.64227 3.14212C-0.292699 5.5392 0.200797 12.7304 3.65527 8.89511C7.10975 5.05978 12.5382 4.58036 16.4862 5.05978Z
cat_eye_right_black,62,205,18,9,0,#151410,#151410,9,3,M8.54994 2.28246C12.9161 1.25318 14.6692 3.28315 15 4.4268C11.0307 4.0837 7.06147 5.99931 5.57299 7C4.74606 5.85635 4.18375 3.31174 8.54994 2.28246Z
cat_eye_left_white,95,194,24,14,0,#BBA726,#BBA726,11,5,M21.3852 6.99237C25.4121 7.8088 25.3742 4.63408 23.5597 3.18274C19.9307 0.280091 12.9025 0.438705 6.32913 3.27317C-0.244213 6.10763 -0.284384 16.0173 4.51946 11.0739C9.32331 6.13047 16.3515 5.97184 21.3852 6.99237Z
cat_eye_left_black,95,194,24,14,0,#151410,#151410,11,5,M11.4367 2.45317C17.1499 1.44265 19.2146 4.38833 19.5327 5.98748C14.4589 5.15199 9.173 7.41478 7.1643 8.65062C6.20788 7.00585 5.72337 3.4637 11.4367 2.45317Z
cat_mouth,86,212,9,13,0,#BDB9B5,#BDB9B5,4,3,M1.23157 3.56255C0.0853117 5.13773 3.4604 6.68005 5.53003 7.50045V10.4539C5.21163 10.7821 4.57482 11.7337 4.57482 12.9151C4.57482 14.0965 5.53003 14.3919 6.00764 13.4073L6.96285 10.9461C7.28126 11.2743 7.91806 12.4229 8.87328 12.9151C10.0816 13.5377 10.1662 11.7864 9.82849 11.4384C9.35088 10.9462 8.23647 9.63349 7.44046 8.97717V7.00821C9.35089 4.64545 8.87327 1.59361 7.91806 1.10135C6.96285 0.609096 2.37782 1.98738 1.23157 3.56255Z
cat_tail,289,211,69,185,0,#403B3F,#403B3F,56,93,M54.7631 29.4515C41.7232 2.56448 17.6467 -0.340666 7.23847 1.56764C5.05975 1.54884 0.85897 6.60775 1.48563 26.9938C2.26896 52.4763 29.1212 29.2303 39.3572 66.2834C47.5459 95.9259 36.7844 149.848 30.3801 173.104C31.1353 182.602 36.8181 195.938 53.5081 173.304C74.3705 145.011 71.0629 63.0603 54.7631 29.4515Z
cat_whisker_right_1,53,221,12,11,0,#BDB9B5,,,,M10.7777 3.13932C12.7108 3.13932 12.2275 1.58294 11.7442 1.58294C10.7777 1.06415 6.13805 1.47919 3.04498 1.06415C-0.0480852 0.649121 1.00743 2.37418 2.0784 2.62053C4.33376 3.13932 8.84449 3.13932 10.7777 3.13932Z
cat_whisker_right_2,53,221,12,11,0,#BDB9B5,,,,M10.7777 6.77085C12.3242 6.35582 10.7777 5.21448 10.2944 5.21448C9.81107 5.21448 7.97456 5.422 6.42803 6.25206C4.8815 7.08213 5.94474 8.06783 6.91132 7.80843L10.7777 6.77085Z
cat_whisker_right_3,53,221,12,11,0,#BDB9B5,,,,M12.7108 9.36481C13.4841 8.11971 12.5497 8.1543 11.7442 8.32723C10.7777 8.53474 7.68459 9.15729 6.91132 10.4024C6.13805 11.6475 7.32686 12.1559 7.8779 11.9588C9.32778 11.44 12.3886 9.8836 12.7108 9.36481Z
cat_whisker_left_1,119,207,13,13,0,#BDB9B5,,,,M2.97522 6.03634C0.103649 7.22904 0.92411 5.04243 1.94966 4.54547C4.00079 3.55156 8.6158 1.46434 10.6669 1.06678C12.718 0.66921 12.718 2.16007 11.6925 2.55764C9.98321 3.22025 5.84679 4.84364 2.97522 6.03634Z
cat_whisker_left_2,119,207,13,13,0,#BDB9B5,,,,M4.00078 9.01807C1.53943 8.62051 2.97521 8.02417 4.00077 7.52721C5.53911 6.8646 9.08797 6.53329 11.1797 6.53329C12.7181 6.53329 12.3762 7.52719 11.6925 8.02415C10.1542 8.68676 6.46213 9.41564 4.00078 9.01807Z
cat_whisker_left_3,119,207,13,11,0,#BDB9B5,,,,M2.97521 12.9937C0.924091 11.801 2.80428 11.5029 4.00077 11.5029C5.71004 11.3372 9.92349 11.5034 13.2308 11.5029C14.2564 11.5027 14.2564 13.9875 13.2308 13.9876C10.1541 13.9875 5.02634 14.1864 2.97521 12.9937Z
cat_pacifier_base,81,210,23,20,0,#28536C,#B4E2FC,14,7,M2.18056 16.0121C-1.78845 7.78762 5.15731 3.02399 9.62245 1.65323C12.5992 0.73939 17.8955 -0.11834 22.0256 5.76548C25.9946 11.4198 23.1832 15.6695 20.5372 17.5543C15.7413 20.4671 6.14957 24.2367 2.18056 16.0121Z
cat_pacifier_ring,81,210,23,20,0,#28536C,#8FCDFC,14,7,M6.44586 13.6055C6.61459 12.2688 7.39722 9.68856 9.17783 10.0614C10.9584 10.4342 10.3759 11.9264 9.86201 12.6259C9.86201 12.6259 7.84791 14.5286 10.4094 14.6775C12.9708 14.8265 14.1102 14.0712 14.8016 13.4181C15.6408 12.6253 18.2751 9.10921 15.9326 9.78091C13.5901 10.4526 12.9649 9.15951 12.9452 8.429C13.3501 5.2209 16.3674 6.15937 17.8254 7.02962C19.7912 8.49045 21.9778 12.3542 14.9977 16.1225C8.01765 19.8909 6.38812 16.0146 6.44586 13.6055Z
cat_leg_front,127,214,39,110,0,#403B3F,#403B3F,18,55,M29 102.5C40.5 54 36.1667 11.6667 32.0001 8.5C20.5001 -5.5 -0.137726 3.13916 1.00006 18.5C2.00001 32 8.13659 100.659 10.5001 104.5C14.1923 110.5 27 112 29 102.5Z
cat_leg_front_crease,127,214,39,110,0,#BDB9B5,,,,M35 13C36 15.5 36.5 21.4 36.5 23
cat_leg_front_claw_1,127,214,39,110,0,#BDB9B5,,,,M16 100H14V106H16V100Z
cat_leg_front_claw_2,127,214,39,110,0,#BDB9B5,,,,M20 101.5H18V105.5H20V101.5Z
cat_leg_front_claw_3,127,214,39,110,0,#BDB9B5,,,,M24 102H22V106H24V102Z
cat_beard,52,224,107,124,12,#D2DFE6,#EFF4F7,49,16,M95.3521 7.16022C100.172 10.1689 109.413 17.7909 107.817 24.2094L99.8395 20.6993C103.33 23.2065 109.512 31.6308 106.321 45.2701C104.327 40.7571 99.8395 31.5305 97.8451 30.7282C99.8395 35.9098 103.828 48.0782 103.828 55.299L99.8395 50.786C101.169 55.4662 102.632 65.8294 97.8451 69.841L95.3521 55.299C96.8479 62.4864 97.9448 78.4658 90.366 84.8843L88.8702 81.3742C86.8758 86.0544 80.5934 96.8187 71.4191 102.435C72.2501 97.0862 73.4135 85.6866 71.4191 82.8785C73.4135 91.9046 73.214 112.965 56.4609 125C54.6327 119.986 49.7796 108.853 44.993 104.441C40.2064 100.028 37.6801 90.2331 37.0153 85.8872C36.9078 90.7345 37.8542 101.231 42.5 104.441C36.1843 101.599 24.3508 91.4031 27.5418 73.3511C26.3784 77.3626 24.7496 86.3887 27.5418 90.4002C25.3812 86.0544 21.5586 75.4571 23.553 67.8352C22.2234 71.1781 20.3619 79.2681 23.553 84.8843C20.229 82.0428 13.7803 74.1534 14.5781 65.3279C13.9133 66.9994 12.5837 70.9441 12.5837 73.3511C10.4231 71.5124 7.39819 63.3222 12.5837 45.2701C10.5232 47.9445 6.74115 53.9953 8.09624 56.8034C6.93283 50.9532 6.40099 37.8487 13.5809 32.2325C9.54728 35.5755 2.30469 44.3675 5.60322 52.7918C2.77779 47.7773 -0.579483 35.3415 8.59485 25.7137C6.10182 28.2209 1.11577 33.436 1.11577 34.2383C1.11577 35.2412 -1.87585 12.1747 22.5558 5.15444C42.1011 -0.461755 69.5908 0.808574 80.8925 2.14576C83.9232 2.48006 91.0581 3.95097 95.3521 7.16022Z
cat_mustache,45,214,96,34,12,#D2DFE6,#EFF4F7,49,16,M76.609 11.3943C57.7622 1.83155 50.7372 7.40984 49.5805 11.3943C49.2395 8.79575 46.3575 4.43013 37.5576 7.75631C26.5577 11.914 17.5496 12.4338 12.0365 9.83517C7.62599 7.75631 9.18309 3.77182 10.513 2.03943C3.71046 3.70252 4.69492 9.66193 6.03747 12.4338C5.20081 11.5676 3.12738 9.93912 1.52686 10.3549C-0.473787 10.8746 9.5675 21.7886 6.05356 18.1506C3.24241 15.2402 1.54539 16.938 1.04828 18.1506C6.30293 35.6131 22.2822 34.0886 29.6149 31.1435C27.6175 32.8066 27.7885 34.2618 28.1236 34.7815C36.5372 36.4446 45.9572 28.1985 49.6156 23.8675C56.1502 33.7421 72.1715 35.3013 72.1686 34.2618C72.1663 33.4303 70.1587 31.49 69.1552 30.6238C83.184 35.6131 91.3423 29.5844 93.6679 25.9464C95.1622 23.3478 97.8498 17.9427 96.6462 17.1112C95.4426 16.2797 93.4772 17.4577 92.6449 18.1506C94.6397 15.552 98.2286 10.2509 96.6257 9.83517C95.0229 9.4194 93.2933 11.3943 92.6288 12.4338C96.6143 5.78139 90.9311 2.03943 87.5913 1C92.8261 11.3943 82.4509 12.2605 76.609 11.3943Z
cat_leg_back,266,213,61,117,0,#403B3F,#403B3F,35,52,M61.2475 64.3359C66.4191 17.2579 43.6775 2.8286 31.4115 1C-7.37532 2.99483 -2.40263 35.4109 10.029 58.3514C22.4607 81.292 22.9579 100.243 20.9689 106.726C19.1328 112.711 31.4131 122.47 40.8596 115.703C51.3022 108.222 58.7612 79.2971 61.2475 64.3359Z
cat_leg_back_crease,266,213,61,117,0,#BDB9B5,,,,M2.07859 14C1.41192 16.1667 0.178613 21.7 0.578613 24.5
cat_leg_back_claw_1,266,213,61,117,0,#BDB9B5,,,,M27.958 107.116L26.458 106.227L22.958 109.338L23.958 110.227L27.958 107.116Z
cat_leg_back_claw_2,266,213,61,117,0,#BDB9B5,,,,M30 111L29 110L25 113L26 114L30 111Z
cat_leg_back_claw_3,266,213,61,117,0,#BDB9B5,,,,M32.9252 113.711L31.5919 112.711L28.9252 115.711L30.2585 116.711L32.9252 113.711Z
orange,390,184,58,52,0,#F59203,#F59203,34,28,M32 27O25
orange_stalk,390,184,58,52,0,#536E3E,#536E3E,42,6,M40.226 12.5913C36.1038 10.5947 38.6802 9.59644 40.226 9.59644L41.2565 6.60163L39.1954 6.10249V5.10422C39.1954 5.10422 41.4282 5.2706 41.7718 5.10422C42.6305 3.93957 44.8634 1.61028 45.8939 1.11114C47.0598 0.546425 47.0962 2.27579 46.9244 3.10768C46.9244 3.10768 43.5153 7.51004 43 10.0057C44.5458 10.5049 43.5811 14.2163 40.226 12.5913Z
orange_leaf,390,184,58,52,0,#536E3E,#536E3E,19,8,M24.0025 1.05669C34.0008 0.546442 38.1668 3.60796 39 5.13872V6.15923C37.4003 10.2413 29.6682 13.643 26.0022 14.8336C20.0032 15.3438 15.5045 19.4259 11.0054 19.4259C2.23416 19.4259 1.11603 21.6245 1.00974 21.9578C1.0086 21.9643 1.00748 21.9707 1.00635 21.9771C0.9998 22.0146 0.994864 22.0045 1.00974 21.9578C1.99903 16.3481 7.00819 10.7486 9.50493 8.20025C13.0043 4.62847 18.0035 1.36283 24.0025 1.05669Z
orange_leaf_stalk,390,184,58,52,0,#2C3D1F,,,,M1 22C6.26407 15.8501 21.2338 3.85786 39 5.08783
flower_up_1,421,87,27,25,0,#E77492,#FF78A0,11.5,16.5,M4.09542 12.8951C3.6992 -0.32743 14.6614 0.0963682 20.192 1.96108C36.2886 11.1151 22.6684 20.0149 21.6778 22.0491C20.8854 23.6765 21.3477 25.27 21.6778 25.8633C19.1024 26.677 16.6425 23.6596 15.7345 22.0491C15.3218 22.812 13.7534 24.1342 10.7817 23.3205C7.81002 22.5068 7.39729 20.7777 7.56238 20.0149C3.60015 22.0491 -0.609728 16.455 1.61903 16.455C3.40203 16.455 4.01288 14.0817 4.09542 12.8951Z
flower_up_2,503,102,17,15,0,#E77492,#FF78A0,7,10.5,M2.03142 11.1775C-0.755604 2.81505 5.5152 0.910271 8.99898 1.00319C18.0032 1.00319 17.9317 7.78605 16.7705 11.1775C16.2792 11.9673 15.5914 13.6305 16.7705 13.965C17.9496 14.2995 18.0657 14.476 17.9764 14.5225C15.6182 16.5294 13.242 15.3587 12.3488 14.5225C9.88332 17.1984 7.03377 15.6374 5.91717 14.5225C3.9073 17.0312 0.0215462 13.6862 1.22747 13.5468C2.19221 13.4353 2.16541 11.9208 2.03142 11.1775Z
flower_up_3,544,80,16,15,0,#E77492,#FF78A0,8,8.5,M3.36127 13.1784C-1.77331 5.66532 2.64814 2.56966 5.50068 1.96096C14.3258 -2.21296 15.128 8.48272 15.3954 9.78707C15.6094 10.8306 16.5543 11.2653 17 11.3523C16.3582 13.4393 13.7017 13.0914 12.4538 12.6566C12.0259 15.3697 8.88807 15.1784 7.37266 14.7436C6.57038 17.0914 2.55898 15.5262 3.36127 15.0045C4.00311 14.5871 3.6287 13.6132 3.36127 13.1784Z
flower_up_4,409,265,28.01,28.79,0,#E77492,#FF78A0,13,14,M4.77778 8.79452C13.5778 -4.00548 21.7778 1.79452 24.7778 6.29452C37.2778 17.7945 18.2778 25.2945 16.7778 25.7945C15.5778 26.1945 14.9444 28.6279 14.7778 29.7945C11.9778 29.7945 10.6111 25.7945 10.2778 23.7945C5.07777 23.7945 4.44444 18.4612 4.77778 15.7945C0.777778 15.7945 0.277778 7.79453 1.77778 8.79452C2.97778 9.59451 4.27778 9.12785 4.77778 8.79452Z
flower_up_5,541,273,32,32,0,#E77492,#FF78A0,18,16.5,M3.88214 19.8742C2.87315 -0.543945 16.2843 -0.3969 23.116 2.22889C42.3498 5.37984 27.5303 26.4912 27.8456 29.012C28.0979 31.0286 29.4222 32.163 30.0528 32.4781C25.0078 34.2426 21.8547 31.1126 20.9088 29.3271C14.8549 33.6124 10.6087 29.2221 9.24238 26.4912C3.56683 29.3271 -0.216874 22.395 1.35967 22.0799C2.6209 21.8278 3.56683 20.5044 3.88214 19.8742Z
flower_up_6,445,162,22.97,23.62,0,#E77492,#FF78A0,10.19,11.12,M5.19276 4.62295C15.1928 -2.97705 20.6928 3.12295 22.1928 7.12295C28.5928 18.723 16.1928 21.9563 9.19275 22.1229C7.99275 22.9229 8.02608 24.1229 8.19275 24.6229C6.19275 24.6229 6.02608 20.6229 6.19275 18.6229C2.19275 16.6229 2.52609 12.4563 3.19276 10.6229C0.192763 10.1229 0.692763 3.62294 2.19276 4.62295C3.39276 5.42295 4.69276 4.95628 5.19276 4.62295Z
up_leaf1_1,495,19,12.96,21.12,0,#2C3D1F,#536E3E,5,10,M12 21C17.2 16.2 10.8334 5.66667 7.00003 1L1.00003 7.5C2.50003 14 6.80003 25.8 12 21Z
up_leaf1_2,514,1.12,17.1,17.16,0,#2C3D1F,#536E3E,9,9,M18.0789 17.0352C13.3939 18.9461 4.82823 8.55136 1.13099 3.11513L2.99574 0.988458C9.9755 5.54119 22.7638 15.1244 18.0789 17.0352Z
up_leaf1_3,473,46,12.01,23.14,0,#2C3D1F,#536E3E,7,12.5,M10 23.5C16.8 19.9 10.5 7 6.50003 1L1.00003 8C1.1667 14.6667 3.20003 27.1 10 23.5Z
up_leaf1_4,452.99,67.5,15.03,24.68,0,#2C3D1F,#536E3E,7.01,13,M12 25.5C21.2 21.5 12.5 7.83333 6.99999 1.5L0.99999 7C0.833323 14.8333 2.79999 29.5 12 25.5Z
up_leaf1_5,472.64,14.43,28.36,11.07,0,#2C3D1F,#536E3E,13.36,5.07,M2.00002 4.5C8.40002 -1.5 22.6667 2.66667 29 5.5L23 12.5C13.3334 12.3333 -4.39998 10.5 2.00002 4.5Z
up_leaf1_6,450.22,40.21,28.28,12.29,0,#2C3D1F,#536E3E,12.78,6.29,M3.50002 4.5C12.3 -2.3 24.5 3 29.5 6.5L24 13.5C13.5 13.3333 -5.29998 11.3 3.50002 4.5Z
up_leaf1_7,432.89,65.11,26.61,10.26,0,#2C3D1F,#536E3E,13.61,5.89,M2.00001 5C7.60001 -1.8 21.3333 1.83333 27.5 4.5L22.5 11C13.3333 11.8333 -3.59999 11.8 2.00001 5Z
up_petiole_1,440,0.5,77,89,0,#481212,#481212,51,28,M1 86.5L72 0.5H78L5 89.5L1 86.5Z
up_petal_1,425.18,83.03,29.67,17.46,0,#2C3D1F,#536E3E,14.32,5.97,M2.00001 3C5.60001 -0.999999 15.5 2 20 4C25.1667 7.33333 34.3 14.7 29.5 17.5C24.7 20.3 19.8333 14.6667 18 11.5C15.3333 14.3333 14 21 8.5 17.5C5.48162 15.5792 10.3333 10 12.5 9C7.50001 8.66667 -1.59999 7 2.00001 3Z
up_leaf2_1,489.5,41.89,20,11.91,0,#2C3D1F,#536E3E,11,5.61,M20.0001 7.5C14.0001 -2.1 5.00009 0.83333 1.50009 3.5L5.00009 7.5C12.5001 11.5 26.0001 17.1 20.0001 7.5Z
up_leaf2_2,486.1,44.38,7.65,14.38,-1.93,#2C3D1F,#536E3E,3.4,9.12,M1.76338 15.906C-0.967786 13.813 2.28304 5.41758 4.24985 1.48149L8.57915 6.62999C7.44521 10.5941 4.49454 17.9991 1.76338 15.906Z
up_leaf2_3,500,59.04,10.01,6.79,4.98,#2C3D1F,#536E3E,6.5,4,M13.3021 3.98611C13.4227 0.763463 5.15099 0.68146 1.00006 1.04329L4.55318 7.25822C7.41923 7.51028 13.1815 7.20876 13.3021 3.98611Z
up_leaf2_4,492.57,59,10.93,13.42,0,#2C3D1F,#536E3E,4.43,7.5,M1.00006 13.5C-0.999943 10.3 4.50006 3.83333 7.50006 1L11.5001 7.5C8.83339 10.8333 3.00006 16.7 1.00006 13.5Z
up_leaf2_5,509,78.32,10.13,9.51,1.83,#2C3D1F,#536E3E,6,5.5,M11.2184 8.0006C12.2901 3.96434 4.85275 1.86732 1.00009 1.32335L3.25442 9.25544C5.46254 10.5189 10.1467 12.0369 11.2184 8.0006Z
up_leaf2_6,501,78.19,10.03,14.86,1.07,#2C3D1F,#536E3E,5,8.5,M1.78624 15.1745C-0.672936 12.0197 5.5869 4.43518 9.02421 1.03724L11.1542 7.99878C9.05622 11.7052 4.24542 18.3292 1.78624 15.1745Z
up_petiole_2,482,37,31.09,65,0,#481212,#481212,24.5,37.5,M32 66C33.6 36.4 13 10.3333 2.5 1L1 3.5C26.2 27.1 30.1667 55 29 66H32Z
up_petal_2,501,101,21.02,10.23,0,#2C3D1F,#536E3E,10.5,4,M22.0001 5.09771C21.6001 1.09771 15.8334 0.76438 13.0001 1.09771C9.00006 1.09771 1.00006 1.89771 1.00006 5.09771C1.00006 8.29771 6.00006 7.76438 8.50006 7.09771C9.00006 8.76438 10.6001 11.8977 13.0001 11.0977C15.4001 10.2977 15.6667 7.43104 15.5001 6.09771C17.8334 7.43104 22.4001 9.09771 22.0001 5.09771Z
up_leaf3_1,559,5,20.17,18.4,0,#2C3D1F,#536E3E,10,8,M20.5002 16.5C24.1002 8.9 12.3335 3 6.00018 1L1.00018 9.5C6.00018 15 16.9002 24.1 20.5002 16.5Z
up_leaf3_2,542.35,4.88,21.65,12.38,0,#2C3D1F,#536E3E,9.15,6.62,M1.50019 8.5C3.10019 1.3 16.5002 0.5 23.0002 1L17.0002 11C11.1669 13.1667 -0.0998056 15.7 1.50019 8.5Z
up_leaf3_3,549,30,18.5,22.36,0,#2C3D1F,#536E3E,9,10,M19.5002 18.5C19.5002 5.7 8.50018 1.5 3.00018 1L1.00018 6.5C7.16685 15.8333 19.5002 31.3 19.5002 18.5Z
up_leaf3_4,529.67,29.5,21.33,13.22,0,#2C3D1F,#536E3E,7.83,6,M1.00018 11.5C-1.79982 4.3 13.8335 1.83333 22.0002 1.5L20.0002 8C14.8335 12.1667 3.80018 18.7 1.00018 11.5Z
up_leaf3_5,545,55.5,16.04,17.95,0,#2C3D1F,#536E3E,8.5,8.5,M17.0002 15C17.8002 5 6.66685 1.83333 1.00018 1.5V10C6.00018 15.8333 16.2002 25 17.0002 15Z
up_leaf3_6,526.49,55.4,18.51,14.33,0,#2C3D1F,#536E3E,9.01,7.1,M0.500171 11C0.100171 2.2 12.6668 1 19.0002 1.5V10.5C13.0002 14.3333 0.900171 19.8 0.500171 11Z
up_petiole_3,543.45,0,26.05,81,0,#481212,#481212,9.05,26.5,M8.49998 80C-3.50002 47.6 16.1667 13.1667 27.5 0H24C-4.80001 37.6 -1.14441e-05 69.6667 5.99999 81L8.49998 80Z
up_petal_3,540.84,77.4,16.69,9.17,0,#2C3D1F,#536E3E,8.16,4.6,M17.5002 2.5C17.1002 0.0999973 11.6669 2.16666 9.00019 3.5C5.83352 4.16666 -0.199815 6.1 1.00018 8.5C2.20018 10.9 6.16685 9.5 8.00018 8.5C8.83352 9.33333 10.9002 10.9 12.5002 10.5C14.1002 10.1 13.8335 7 13.5002 5.5C15.0002 5.5 17.9002 4.9 17.5002 2.5Z
up_leaf4_1,579.37,74.38,20.13,9.12,0,#2C3D1F,#536E3E,9.13,4.12,M1.50013 4.5C3.10013 1.3 15.5001 1.16667 21.5001 1.5L21.0001 10.5C13.8335 9.83333 -0.0998749 7.7 1.50013 4.5Z
up_leaf4_2,570,102.63,22.5,12.03,0,#2C3D1F,#536E3E,11,7.37,M1.00012 6C1.00012 -1.6 16.0001 0.5 23.5001 2.5L20.0001 12C13.6668 13.1667 1.00012 13.6 1.00012 6Z
up_leaf4_3,575,137,16.76,17.28,0,#2C3D1F,#536E3E,9,7.5,M17.5001 15.5C19.5001 7.9 9.66679 2.66667 4.50012 1L1.00012 7.5C5.66679 13.3333 15.5001 23.1 17.5001 15.5Z
up_leaf4_4,554.92,133,23.03,12.28,-4.28,#2C3D1F,#536E3E,10.5,6.5,M1.45237 6.59697C1.34131 -2.63708 16.9206 0.902318 24.7241 3.82627L21.2473 10.0842C14.6953 12.7693 1.56344 15.831 1.45237 6.59697Z
up_leaf4_5,547.5,178.5,12.96,25.02,0,#2C3D1F,#536E3E,6.5,11,M13.5001 23C17.1001 12.2 9.66679 4.16667 5.50012 1.5L1.50012 7.5C4.00012 17.1667 9.90012 33.8 13.5001 23Z
up_leaf4_6,524.79,176.83,26.71,10.14,0,#2C3D1F,#536E3E,8.71,5.67,M2.00013 6C8.00013 -1.6 21.5001 0.833329 27.5001 3L23.5001 8.5C13.8335 10.8333 -3.99987 13.6 2.00013 6Z
up_leaf4_7,519.49,211,11.2,23.93,0,#2C3D1F,#536E3E,4.01,11.5,M9.50011 22C16.3001 12.4 10.6668 4 7.00011 1L1.50011 6C1.33344 15.3333 2.70011 31.6 9.50011 22Z
up_leaf4_8,495.93,204.44,29.07,11.99,0,#2C3D1F,#536E3E,12.57,5.56,M3.00009 5.5C11.4001 -2.9 24.5001 3.66666 30.0001 8L24.5001 13C13.8334 14 -5.39991 13.9 3.00009 5.5Z
up_leaf4_9,491,236,12.33,20.87,0,#2C3D1F,#536E3E,6.5,9,M12.5001 20.5C15.3001 14.9 10.3334 5.16667 7.50009 1L1.00009 6C3.66676 13.1667 9.70009 26.1 12.5001 20.5Z
up_leaf4_10,471.66,230.45,25.34,10.55,0,#2C3D1F,#536E3E,11.84,4.05,M3.00011 2.5C11.4001 -0.700002 21.8334 4.16667 26.0001 7L20.0001 12C10.8334 10.1667 -5.39989 5.7 3.00011 2.5Z
up_leaf4_11,458,258,13.18,23.34,0,#2C3D1F,#536E3E,6.5,14,M8.43811 24C18.8381 21.2 12.7714 7.5 8.43811 1L3.43811 3.5C0.771441 11.5 -1.96189 26.8 8.43811 24Z
up_leaf4_12,441.75,249,23.81,10.92,-3.93,#2C3D1F,#536E3E,12.5,6,M2.99325 2.08145C11.194 -0.562035 20.4353 5.95414 24.0308 9.54266L17.2717 13.0872C9.09524 10.5201 -5.20748 4.72494 2.99325 2.08145Z
up_petiole_4,433,76.5,170.5,197.5,0,#481212,#481212,149,57.5,M1 195C119 140.2 159.833 42.5 165.5 0.5H171.5C153.9 107.7 51.8333 176.833 3 198L1 195Z
up_petal_4,428.45,264.19,12.82,19.64,0,#2C3D1F,#536E3E,6.55,9.31,M14.0001 19C15.2001 14.2 12.1668 9.33334 10.5001 7.5C8.33344 4.83334 3.60011 -0.0999959 2.00011 1.5C0.40011 3.1 2.66678 7.5 4.00011 9.5C3.00011 10.3333 1.20011 12.5 2.00011 14.5C2.80011 16.5 6.66678 15.3333 8.50011 14.5C9.83344 18 12.8001 23.8 14.0001 19Z
up_leaf5_1,567,156.36,21.28,17.22,0,#2C3D1F,#536E3E,12,8.14,M22.0001 13.5C19.6001 2.3 7.00012 0.833333 1.00012 1.5L3.50012 8.5C10.6668 14.8333 24.4001 24.7 22.0001 13.5Z
up_leaf5_2,551,156.5,18.5,19.71,0,#2C3D1F,#536E3E,7.5,10,M1.00012 17.5C1.00012 7.9 11.6668 2.83333 17.0001 1.5L19.5001 9C13.3335 15.8333 1.00012 27.1 1.00012 17.5Z
up_leaf5_3,575,186.78,20.63,16.49,0,#2C3D1F,#536E3E,9,7.72,M21.5001 12C19.9001 1.2 7.16679 0.166672 1.00012 1.00001L2.00012 9C9.16679 14.5 23.1001 22.8 21.5001 12Z
up_leaf5_4,561.15,187,14.85,14.46,0,#2C3D1F,#536E3E,8.35,7.5,M1.50014 13.5C-0.899857 8.7 9.50014 3.16667 15.0001 1L16.0001 10C12.1668 13.1667 3.90014 18.3 1.50014 13.5Z
up_leaf5_5,577,217.5,19.03,18.54,0,#2C3D1F,#536E3E,10,9,M20.0001 15.5C19.2001 4.7 7.00012 1.66667 1.00012 1.5V8.5C7.66679 15.3333 20.8001 26.3 20.0001 15.5Z
up_leaf5_6,557.22,217.45,19.78,11.18,0,#2C3D1F,#536E3E,10.28,6.05,M2.00011 9C-2.39989 2.2 12.8334 1.16667 21.0001 1.5L21.0001 8.5C16.5001 11.5 6.40011 15.8 2.00011 9Z
up_leaf5_7,570.3,250.74,17.09,19.22,-1.78,#2C3D1F,#536E3E,8.79,10.76,M17.7826 17.7587C19.2175 10.1995 8.72615 3.3044 3.3011 0.801742L1.05414 8.73592C6.03238 14.8932 16.3476 25.3178 17.7826 17.7587Z
up_leaf5_8,550.57,250,21.18,10.23,-3.21,#2C3D1F,#536E3E,11.5,5,M1.92012 5.92385C6.27188 -0.242355 17.5837 0.458218 22.6957 1.57928L20.2513 9.45487C12.3277 10.8471 -2.43165 12.0901 1.92012 5.92385Z
up_petiole_5,561.5,154.5,17.3,119.5,0,#481212,#481212,10.5,19,M1.5 120C23.5 74 12.6667 23.8333 4.5 4.5L8.5 1.5C28.5 56.3 14.8333 104 5.5 121L1.5 120Z
up_petal_5,553.82,269.4,20.75,11.15,0,#2C3D1F,#536E3E,10.68,4.6,M21.0001 9.49999C18.6001 5.09999 14.0001 2.99999 12.0001 2.49999C8.83343 1.66666 2.20012 0.499994 1.00012 2.49999C-0.199885 4.49999 4.83343 6.66666 7.50009 7.49999C7.33343 8.99999 7.60009 12.1 10.0001 12.5C12.4001 12.9 14.0001 10.6667 14.5001 9.49999C17.6668 11.3333 23.4001 13.9 21.0001 9.49999Z
up_leaf6_1,508.87,148.16,11.15,19.34,0,#2C3D1F,#536E3E,4.63,9.84,M5.00009 2C11.0001 6.4 12.1668 16.1667 12.0001 20.5L2.50009 19C0.833421 11.5 -0.999912 -2.4 5.00009 2Z
up_leaf6_2,499.7,166.5,19.8,16.92,0,#2C3D1F,#536E3E,9.8,9.5,M3.50006 18C11.5001 20.8 18.1667 8.83333 20.5001 2.5L13.0001 1.5C6.50006 5.83333 -4.49994 15.2 3.50006 18Z
up_leaf6_3,478.83,148.42,17.17,18.58,0,#2C3D1F,#536E3E,8.67,10.58,M5.0001 2C13.8001 5.6 17.3334 14.5 18.0001 18.5L8.0001 20C3.33344 12.5 -3.7999 -1.6 5.0001 2Z
up_leaf6_4,482.3,166,13.74,18.84,0,#2C3D1F,#536E3E,5.2,8,M6.00008 19C14.0001 14.6 15.3334 5.16667 15.0001 1L5.00008 2C2.00008 9.5 -1.99992 23.4 6.00008 19Z
up_petiole_6,467.5,162.84,86,17.16,0,#481212,#481212,34.5,2.66,M1.5 7.5C34.3 -7.3 72.5 6 87.5 14.5L85.5 18C53.1 0.4 17.3333 6 3.5 11L1.5 7.5Z
up_petal_6,462.96,163.2,10.59,15.68,0,#2C3D1F,#536E3E,5.04,8.3,M11.0001 16C12.6001 13.6 10.3334 9.66666 9.00009 8C8.16675 5.16666 5.70009 -0.100005 2.50009 1.5C-0.699906 3.1 1.83342 6.5 3.50009 8C-0.899914 12.4 3.66675 13.5 6.50009 13.5C7.33342 15.3333 9.40009 18.4 11.0001 16Z
flower_down_1_,104,478,42,36,0,#E77492,#FF78A0,22.5,14,M6.1755 8.94412C-5.70865 21.822 5.62531 30.6801 12.7778 33.4994C39.187 46.8683 38.6369 17.6749 40.0123 17.1292C41.3878 16.5835 44.1388 22.3131 42.4882 16.3107C41.1677 11.5088 34.6021 11.3996 31.4844 11.9453C30.384 0.595336 21.856 3.57834 17.7295 6.48859C18.0046 -0.87798 1.77396 0.759036 6.1755 2.39605C9.69673 3.70567 7.64268 7.3071 6.1755 8.94412Z
flower_down_2,141,546,23,28,0,#E77492F,#FF78A0,15.5,16,M15.2612 4.8143C-1.30663 6.26707 -0.0908341 16.5171 2.58804 21.4606C6.04996 33.0827 18.2491 28.7244 23.916 25.0924C25.6469 26.5452 26.0797 25.8995 26.0797 25.3951C28.3052 21.0368 25.9766 19.1402 24.5342 18.7366C27.7488 13.4098 23.6069 10.4639 21.1341 9.65685C24.2251 5.11696 16.4976 -1.23888 17.734 1.78771C18.7231 4.20898 16.4976 4.8143 15.2612 4.8143Z
flower_down_3,59,451,23,21,0,#E77492,#FF78A0,11,10,M4.61045 5.12679C-3.69156 15.3038 4.24633 19.8761 9.25302 20.8902C25.0924 26.4212 20.996 9.55159 21.8153 8.16884C22.4707 7.06264 23.5448 6.41735 24 6.23299C21.8153 3.13562 18.7202 4.94242 17.4458 6.23299C16.5719 0.259498 12.166 1.90037 10.0723 3.46749C9.25302 -0.680766 2.42571 1.53164 3.79117 2.08474C4.88354 2.52722 4.79251 4.29714 4.61045 5.12679Z
flower_down_4,376,393,32,29,0,#E77492,#FF78A0,14.5,15,M8.64483 5.58931C-5.73632 17.1203 3.42586 24.6154 9.8046 26.9216C26.3313 38.1644 30.3905 15.1024 30.1006 13.661C29.8686 12.5079 31.9369 11.2587 33 10.7783C30.4485 7.54958 26.5246 9.04861 24.8816 10.2017C25.1136 1.20753 19.1794 3.37921 16.1833 5.58931C15.8934 -0.176179 7.775 0.688645 8.64483 1.84174C9.34069 2.76422 8.93477 4.72449 8.64483 5.58931Z
flower_down_5,241,418,27,24,0,#E77492,#FF78A0,14.5,9,M2.56799 7.87504C-2.9607 22.362 7.45167 25.2521 13.349 24.8863C32.6994 26.5325 26.6178 9.79566 25.7885 7.87504C25.1251 6.33855 26.9864 5.22276 28 4.85692C25.1251 1.12544 21.4577 2.75339 19.9834 4.0338C19.6148 2.9363 18.0483 0.796175 14.7311 1.01567C11.4139 1.23517 10.216 3.11922 10.0317 4.0338C6.71452 0.192559 -0.196351 4.30817 1.46226 4.85692C2.78914 5.29592 2.75228 7.05192 2.56799 7.87504Z
flower_down_6,420,453,26,27,0,#E77492,#FF78A0,16,12,M7.62346 5.36489C-3.55776 11.3672 1.90579 20.2619 6.03522 23.9589C21.8775 35.9983 24.4459 17.5284 24.774 15.1688L24.7765 15.1512C25.0306 13.3245 26.3647 12.6503 27 12.5415C26.4918 9.67088 23.1882 8.95322 21.6 8.95322C22.5529 8.19206 23.76 6.08256 20.9647 3.73383C18.1694 1.38511 15.5647 2.7552 14.6117 3.73383C13.9764 -0.180704 7.62346 0.79793 8.89405 2.42899C9.91053 3.73383 8.47052 4.92994 7.62346 5.36489Z
leaf_1,48,561.44,13.1,19.72,1.94,#2C3D1F,#536E3E,6.5,11,M2.13985 2.62965C-1.29567 7.54871 5.1234 16.8702 8.76238 20.916L14.5221 13.717C11.8261 7.97163 5.57538 -2.28941 2.13985 2.62965Z
leaf_2,70.93,533.03,12.07,21.47,0,#2C3D1F,#536E3E,6.07,10.47,M2.49993 2C-1.90007 6.4 3.99993 17.5 7.49993 22.5L12.9999 15.5C11.3333 9.16667 6.89993 -2.4 2.49993 2Z
leaf_3,88.21,510.55,13.29,20.45,0,#2C3D1F,#536E3E,5.79,8.45,M3 2.00001C-2.2 7.60001 5.16667 17 9.5 21L14.5 15C12.8333 8.33334 8.2 -3.59999 3 2.00001Z
leaf_4,55,576.5,24.8,12.01,0,#2C3D1F,#536E3E,14,7.5,M24.5 12C18.5 16.4 6.3333 10.1667 0.999962 6.5L5.49996 1.5C14.3333 3.16667 30.5 7.6 24.5 12Z
leaf_5,77.5,545.63,28.12,10.74,0,#2C3D1F,#536E3E,13,4.87,M27.5 6.00002C19.1 13.6 6.66667 11.5 1.5 9.50002L7 2.50002C17.3333 0.500015 35.9 -1.59998 27.5 6.00002Z
leaf_6,96,524.96,25.17,10.3,2.18,#2C3D1F,#536E3E,12.5,5.5,M25.7866 8.01956C21.972 12.9682 7.83762 9.70347 1.24723 7.45251L6.49602 0.74802C14.5156 1.10992 29.6011 3.07089 25.7866 8.01956Z
petiole_1,36.5,509,78,89.5,0,#481212,#481212,38.5,47,M75.5 1L1.5 90.5H8.5L79.5 3.5L75.5 1Z
petal_1,100.31,499.22,31.1,16.99,0,#2C3D1F,#536E3E,14.19,10.78,M2.5 3.50002C-1.9 6.30001 7 13 12 16C17.6667 17.6667 29.6 20 32 16C34.4 12 25.6667 11 21 11C23.3333 8.5 27.1 3.10002 23.5 1.50002C19.9 -0.0999702 16.3333 5.50002 15 8.50002C12.6667 5.66668 6.9 0.700015 2.5 3.50002Z
leaf2_1,76,567,13,15,0,#2C3D1F,#536E3E,6,9,M9.76665 15.6654C0.695539 13.3946 0.399742 4.94235 1.38573 1.00006L6.31568 2.89236C11.2456 8.09619 18.8378 17.9361 9.76665 15.6654Z
leaf2_2,76.5,558.98,15.34,9.52,0,#2C3D1F,#536E3E,7.5,5.02,M14 1.00002C6.39999 0.600016 2.49999 5.83335 1.49999 8.50002L6.49999 10.5C12.1667 7.50001 21.6 1.40002 14 1.00002Z
leaf2_3,93.54,571.5,11.46,11.02,0,#2C3D1F,#536E3E,4.55,6,M9.49999 12.5001C2.29999 12.1001 1.16666 5.00006 1.49999 1.50006L6.99999 2.50006C10.8333 6.00006 16.7 12.9001 9.49999 12.5001Z
leaf2_4,93.33,559.45,13.61,12.55,0,#2C3D1F,#536E3E,5.67,5.05,M11 1.50001C1.79999 0.700013 0.833325 9.16668 1.49999 13.5L5.49999 14C11.1667 10.1667 20.2 2.30001 11 1.50001Z
leaf2_5,115.5,572.5,13.54,12.61,0,#2C3D1F,#536E3E,7,7,M12 14.0001C4.39999 15.2001 1.83333 6.50006 1.49999 2.00006L5.99999 1.50006C11.1667 5.16673 19.6 12.8001 12 14.0001Z
leaf2_6,113.85,559.39,11.76,13.61,0,#2C3D1F,#536E3E,4.45,6.61,M7.99999 1.49999C-0.800006 2.69999 0.333327 11 1.99999 15L6.99999 14.5C11 9.66666 16.8 0.299992 7.99999 1.49999Z
petiole_2,69,562,71.5,13.1,0,#481212,#481212,42.5,11.5,M70.5 4.5C42.9 15.3 14.6667 6.66667 4 1L1 4.5C33.8 19.7 62.3333 13.5 72.5 8.5L70.5 4.5Z
petal_2,135.29,555.99,11.3,19.9,0,#2C3D1F,#536E3E,5.21,9.01,M3.5 1.00003C-0.499996 0.600001 1.83334 8.83335 3.5 13C5 16.3334 8.7 22.5 11.5 20.5C14.3 18.5 11.3333 15.6667 9.5 14.5C15.5 9.7 11 7.83333 8 7.5C8.16667 5.50002 7.5 1.40005 3.5 1.00003Z
leaf3_1,0.99,498.24,11.49,22.26,0,#2C3D1F,#536E3E,5.51,11.06,M5.5 1.5C-2.9 3.9 2.33333 17.1667 6 23.5L11.5 21.5C13 13.8333 13.9 -0.899998 5.5 1.5Z
leaf3_2,6,518.5,21.33,17.91,0,#2C3D1F,#536E3E,10.5,11,M19.5 18.5C10.7 22.9 3.5 10.3333 1 3.5L6.5 1.5C14.5 5.33333 28.3 14.1 19.5 18.5Z
leaf3_3,22.77,484.15,15.73,25.85,0,#2C3D1F,#536E3E,7.23,11.85,M4.49999 1.99998C-4.30001 6.79998 4.49999 20.6666 9.99999 27L16.5 23C16.1667 14 13.3 -2.80002 4.49999 1.99998Z
leaf3_4,32,507,26.84,14.48,0,#2C3D1F,#536E3E,14.5,7.5,M26 13C18.4 20.2 6.16666 10 0.99999 4L5.99999 1C15.8333 2 33.6 5.8 26 13Z
leaf3_5,39.72,470.51,18.28,23.49,0,#2C3D1F,#536E3E,9.28,10.49,M4.49999 1C-5.50001 4.2 6.66666 17.6667 14 24L19 18C18.3333 11 14.5 -2.2 4.49999 1Z
leaf3_6,53,487.99,30.38,16.29,0,#2C3D1F,#536E3E,14.5,6.5,M30 13C23.2 23 7.83333 13.1667 0.999992 7L5.99999 0.999995C16.8333 0.833328 36.8 3 30 13Z
petiole_3,0,470.5,69,55.5,0,#481212,#481212,50,28.5,M64.5 1.5C57.3 31.9 18.5 46.8333 0 50.5V57C54 42.6 68.5 14.6667 69 2.5L64.5 1.5Z
petal_3,56.97,465.04,19.18,9.04,0,#2C3D1F,#536E3E,8.53,4.96,M1.5 3.49999C-0.900002 5.09999 5.5 7.83332 9 8.99999C12.1667 9.99999 18.8 11.2 20 8C21.2 4.8 15.1667 5 12 5.5C12.3333 4.83333 12.6 3.09999 11 1.49998C9.4 -0.100019 8 2.83332 7.5 4.49999C6.5 3.49999 3.9 1.89999 1.5 3.49999Z
leaf4_1,201.5,579.32,10.85,20.68,0,#2C3D1F,#536E3E,6,11.68,M9.5 1.50001C15.1 3.50001 11.1667 15 8.5 20.5L1.5 22C1.83333 14.3333 3.9 -0.499995 9.5 1.50001Z
leaf4_2,230.17,568.5,12.41,20.5,0,#2C3D1F,#536E3E,5.33,8.5,M8.49999 0.5C17.7 0.5 12.3333 12.1667 8.49999 18L2.49999 21C0.666661 14.1667 -0.700006 0.5 8.49999 0.5Z
leaf4_3,259,568.37,27.22,14.64,0,#2C3D1F,#536E3E,14,7.13,M25.5 14.3656C34.7 9.16563 18.3333 3.53229 9 1.36563L1 6.50001C5.33333 11.1667 16.3 19.5656 25.5 14.3656Z
leaf4_4,256,552,11.33,23.06,0,#2C3D1F,#536E3E,6.5,11,M9 1.06377C14.2 2.26377 12.1667 12.8971 10.5 18.0638L1 24.0638C1.5 15.8971 3.8 -0.136229 9 1.06377Z
leaf4_5,299,537.58,24.46,7.85,0,#2C3D1F,#536E3E,13,3.92,M26 4.49998C29.2 -1.10002 15 0.499978 7.5 1.99998L2 7C8.66667 8.49999 22.8 10.1 26 4.49998Z
leaf4_6,298.82,519.7,13.35,23.8,0,#2C3D1F,#536E3E,5.68,10.8,M10 0.999943C18.8 3.79994 11.6667 14.1666 7.00001 18.9999L1.00001 24.4999C0.333346 15.4999 1.20001 -1.80006 10 0.999943Z
leaf4_7,328.5,500.41,31.51,15.03,0,#2C3D1F,#536E3E,19.5,8.59,M33 6.99996C33.4 -3.80004 16.1667 3.49996 7.5 8.49996L1.5 15.5C11.8333 17.1666 32.6 17.8 33 6.99996Z
leaf4_8,322.6,486.87,14.97,27.63,0,#2C3D1F,#536E3E,6.9,11.63,M7.5 1.5C19.5 -2.5 15.5 13.5 12 22L6.5 28.5C1.83333 21.1667 -4.5 5.5 7.5 1.5Z
leaf4_9,351.5,472.54,20.12,11.96,0,#2C3D1F,#536E3E,11,5.46,M21.5 3.00001C19.9 -2.59999 10.5 2.66667 6 6.00001L1.5 12.5C8.83333 11.6667 23.1 8.60001 21.5 3.00001Z
leaf4_10,348.3,462.99,9.16,21.51,0,#2C3D1F,#536E3E,5.2,8.51,M5.50001 0.999955C12.3 0.599955 10.6667 10.1666 9.00001 15L4.00001 22.5C1.66667 15.5 -1.29999 1.39995 5.50001 0.999955Z
leaf4_11,370,435.6,24.15,15.4,0,#2C3D1F,#536E3E,15,6.9,M24 3.49997C18 -4.10003 7.83333 4.99997 3.5 10.5L1 16C11.1667 15 30 11.1 24 3.49997Z
leaf4_12,359.15,430.02,14.35,20.98,0,#2C3D1F,#536E3E,7.35,10.98,M2.5 2.49997C7.3 -3.10003 13.1667 8.49997 15.5 15L12 22C6.83333 17.8333 -2.3 8.09997 2.5 2.49997Z
petiole_4,201,418.5,182.5,181.5,0,#481212,#481212,122,102,M179.5 1.5C151.9 102.3 49 164.5 1 183H8.5C127.3 137.8 174.667 44.1667 183.5 3L179.5 1.5Z
petal_4,370.94,411.97,27.08,14.24,0,#2C3D1F,#536E3E,12.56,8.53,M3.00001 1.5C-2.99999 3.5 5.50001 10 10.5 13C16.1667 14.6667 27.6 17 28 13C28.4 9.00001 21.8333 8.66667 18.5 9C18.5 0.2 13.8333 3.33334 11.5 6C11.1667 3.66667 9.00001 -0.499996 3.00001 1.5Z
leaf5_1,262,540,23.79,11.55,0,#2C3D1F,#536E3E,10.79,5.05,M1.50001 2.5C6.30001 -0.700002 15.8333 4.16667 20 7L24.5 13C14.8333 10.8333 -3.29999 5.7 1.50001 2.5Z
leaf5_2,281,528,10.76,22.51,0,#2C3D1F,#536E3E,5.5,9.51,M10.5 0.499974C5.7 0.899974 2.5 12 1.5 17.5L5.5 23C9.16667 15.3333 15.3 0.0999737 10.5 0.499974Z
leaf5_3,245.85,515.66,23.65,12.45,0,#2C3D1F,#536E3E,10.15,6.34,M1.50001 6.49999C5.50001 15.7 18.5 13.3333 24.5 11L21 3.99999C12.8333 0.999995 -2.49999 -2.70001 1.50001 6.49999Z
leaf5_4,266.5,507.45,17.62,19.06,0,#2C3D1F,#536E3E,8.5,8.55,M18 3.50001C22.8 9.90001 11 17.5 4.5 20.5L1.5 13C5 7.16668 13.2 -2.89999 18 3.50001Z
leaf5_5,234.49,487.27,24.01,11.62,0,#2C3D1F,#536E3E,9.01,5.73,M0.500004 6.00001C0.900004 14.8 16.6667 13.3333 24.5 11.5L23 6.50001C15.3333 2.66668 0.100004 -2.79999 0.500004 6.00001Z
leaf5_6,257,478.42,17.37,19.08,0,#2C3D1F,#536E3E,8.5,8.58,M17 3.00002C22.6 8.60002 9.66667 17 2.5 20.5L1 14C4 8.00002 11.4 -2.59998 17 3.00002Z
leaf5_7,229.34,448.59,23.66,15.56,0,#2C3D1F,#536E3E,10.66,7.91,M1.49999 5C-0.500005 15.4 16.3333 16.6667 25 16V11.5C18 5 3.49999 -5.4 1.49999 5Z
leaf5_8,253,449.14,26.71,15.36,0,#2C3D1F,#536E3E,16,6.86,M27.5 4.99999C29.9 14.2 10.8333 16.5 1 16.5V11C8.83333 5.16666 25.1 -4.20001 27.5 4.99999Z
petiole_5,250.14,442,38.36,112.5,0,#481212,#481212,3.86,30,M39.5 109.5C7.49999 72.7 4.83333 21.8333 7.49999 1H2.49999C-5.10001 49.8 21 96.3333 35 113.5L39.5 109.5Z
petal_5,239.19,430.48,29.4,13.72,0,#2C3D1F,#536E3E,14.31,9.02,M3.00001 6.49999C-3.39999 12.5 8.66667 14.6667 15.5 15C23.5 16.0895 31.5 12.5 30.5 9.5C29.7 7.1 23.5 7.49999 20.5 7.99999C20.8333 5.99999 20.5 1.89999 16.5 1.49999C12.5 1.09999 11.8333 5.66666 12 7.99999C10.4 6.39999 5.33334 6.33332 3.00001 6.49999Z
leaf6_1,377,494,15.04,15.24,0,#2C3D1F,#536E3E,7.5,8,M12.9999 16C4.99994 18 1.66661 7.16667 0.999939 1.5L5.49994 1C11.3333 5.16667 20.9999 14 12.9999 16Z
leaf6_2,375.74,474.99,10.68,19.51,0,#2C3D1F,#536E3E,4.76,9.51,M6.99993 0.999996C-1.00007 1.4 0.333266 14.1667 1.99993 20.5L6.99993 20C10.3333 13.5 14.9999 0.599996 6.99993 0.999996Z
leaf6_3,400.5,484.5,25,16.47,0,#2C3D1F,#536E3E,14.5,9,M24.9999 16C18.9999 22.4 6.83327 11.6667 1.49994 5.5L9.99994 1.5C17.4999 3.66667 30.9999 9.6 24.9999 16Z
leaf6_4,397.91,465.5,12.3,23,0,#2C3D1F,#536E3E,6.59,12,M6.49994 0.5C-1.90006 0.5 0.999939 15.8333 3.49994 23.5L11.9999 19.5C13.6666 13.1667 14.8999 0.5 6.49994 0.5Z
petiole_6,342.5,472,84,26.92,0,#481212,#481212,37.5,22.5,M81 1C56.6 25.4 21.5 24.1667 7 20.5L1.5 27C49.5 32.2 77.5 14.1667 85.5 4.5L81 1Z
petal_6,415.91,466.52,19.06,14.15,-4.9,#2C3D1F,#536E3E,7.3,5.98,M2.44958 2.76609C-0.579332 5.31671 5.07798 9.18069 8.28526 10.7938C11.2411 13.3891 17.611 17.9164 19.4443 15.2633C21.2776 12.6102 16.925 9.52713 14.5196 8.31726C16.4458 7.31145 19.544 4.73332 16.5265 2.46732C13.509 0.201329 10.8094 2.81362 9.83676 4.40301C8.63642 2.79461 5.4785 0.215467 2.44958 2.76609Z
butterfly_0,175,82,24,26,0,#000000,,,,M20.591 20.4676C25.775 19.6689 24.4125 21.7987 23.0833 22.9635C20.4249 24.1282 13.9117 26.5575 9.12647 26.9568C5.11731 27.2914 5.36286 25.6077 6.41097 24.461M20.591 20.4676C20.2845 20.5513 19.9501 20.6421 19.5941 20.7381M20.591 20.4676C23.4156 16.1415 27.7688 6.19136 22.5849 1C19.9795 1.33278 14.8525 3.09651 15.1876 7.4892M19.5941 20.7381C17.4441 21.3177 14.5031 22.089 12.1172 22.663M19.5941 20.7381C19.2195 17.1235 17.9054 11.5351 15.1876 7.4892M12.1172 22.663C10.1867 23.1274 8.61974 23.4626 8.12956 23.4626C7.63647 23.4626 6.9266 23.8968 6.41097 24.461M12.1172 22.663C7.32844 21.144 5.3352 17.4625 4.78866 13.4792M15.1876 7.4892C13.0834 4.35682 10.1379 2.14899 6.13573 2.49751C5.13956 5.22393 4.24293 9.50199 4.78866 13.4792M4.78866 13.4792C1.59966 13.812 -2.54046 16.4743 6.41097 24.461
butterfly_1,171,91,39,17,0,#000000,,,,M21.1054 11.9839C20.8902 12.054 20.6854 12.1226 20.4935 12.1885C18.2377 12.6951 16.4338 13.1431 14.9953 13.5452M21.1054 11.9839C22.401 9.94409 25.3918 5.66997 26.9913 4.89164C28.9906 3.91873 31.9896 2.45937 37.4878 1C38.1542 1.64861 39.5871 3.1404 39.987 3.91873C40.3868 4.69706 31.4898 8.6891 26.9913 10.5878M21.1054 11.9839C22.8561 11.4136 25.2918 10.7421 26.9913 10.5878M21.1054 11.9839C17.9025 10.7548 10.3969 7.42121 5.99833 3.91873C4.33222 4.14909 1 5.3472 1 8.29683C1 9.85843 3.61517 11.0917 6.7687 11.9839M26.9913 10.5878C28.1672 10.4811 28.9906 10.6221 28.9906 11.2156C28.9906 13.1614 23.4925 15.5937 20.4935 16.0801C17.4945 16.5666 10.4968 18.9988 9.99699 17.5395C9.71599 16.719 8.96105 16.0523 10.663 15.1072M14.9953 13.5452C12.8 13.3003 9.5717 12.7768 6.7687 11.9839M14.9953 13.5452C12.8056 14.1573 11.463 14.663 10.663 15.1072M6.7687 11.9839C5.25545 12.7007 2.68293 14.3289 4.49883 15.1072C6.31473 15.8855 9.36493 15.4315 10.663 15.1072
butterfly_2,174,99,34,25,0,#000000,,,,M6.50928 9.16335C6.84318 10.3188 9.61451 11.8374 18.0287 8.66815C20.1886 7.8546 21.8205 7.14546 23.0371 6.52359M6.50928 9.16335C6.43671 8.80459 6.5408 8.25245 7.04368 7.67776M6.50928 9.16335C5.32495 11.0369 5.0368 12.9105 5.16801 14.6269M25.5413 2.58126C25.3801 2.45647 25.2072 2.34049 25.0405 2.23061C23.8385 1.43829 15.5245 4.21139 11.5177 5.69698C9.02616 6.14488 7.69768 6.93038 7.04368 7.67776M25.5413 2.58126C26.2091 1.80411 27.6449 0.447906 28.0455 1.24022C28.5464 2.23061 33.5548 8.17296 34.5565 11.1441C35.3579 13.5211 34.8904 16.0961 34.5565 17.0865L32.5531 18.5721C30.2159 17.5817 25.4412 15.3038 25.0405 14.1153C24.6398 12.9268 23.538 8.55897 23.0371 6.52359M25.5413 2.58126C26.535 3.35017 27.0874 4.45328 23.0371 6.52359M23.0371 6.52359C24.0388 11.3651 25.2408 21.7413 22.0354 24.5144L16.0253 26C13.1872 24.6795 7.31064 21.5432 6.50928 19.5625C5.98133 18.2575 5.31424 16.5398 5.16801 14.6269M7.04368 7.67776C5.02912 8.66815 1 10.847 1 11.6393C1 12.6297 0.821684 16.6241 5.16801 14.6269
butterfly_3,176,98,35,30,0,#000000,,,,M22.148 7.60838C15.6951 12.4943 9.88834 12.4884 6.53876 11.5089M22.148 7.60838C26.0435 4.65881 26.9567 3.17507 26.4813 2.52501M22.148 7.60838C23.6665 11.2219 25.8719 17.5951 26.4813 22.7497M4.52466 10.6584C3.68545 10.1501 2.91338 8.82839 6.53876 7.60838C11.0705 6.08337 11.0705 8.62506 22.148 2.52501C23.8817 2.08744 25.9735 1.83067 26.4813 2.52501M4.52466 10.6584C5.02576 10.9619 5.70639 11.2655 6.53876 11.5089M4.52466 10.6584L1 14.2168C0.999996 15.995 2.10774 19.628 6.53876 19.9341M6.53876 11.5089C5.5973 14.6426 5.7207 17.4687 6.53876 19.9341M26.4813 2.52501L28.6938 1C30.3722 7.26949 34.1319 20.4185 35.7432 22.8585C37.7572 25.9085 27.2899 27.1591 26.4813 22.7497M26.4813 22.7497C26.8149 25.5715 26.6702 28.0282 25.6727 29.4669C22.8802 33.4942 9.65842 29.3363 6.53876 19.9341
butterfly_4,174,99,34,25,0,#000000,,,,M6.50928 9.16335C6.84318 10.3188 9.61451 11.8374 18.0287 8.66815C20.1886 7.8546 21.8205 7.14546 23.0371 6.52359M6.50928 9.16335C6.43671 8.80459 6.5408 8.25245 7.04368 7.67776M6.50928 9.16335C5.32495 11.0369 5.0368 12.9105 5.16801 14.6269M25.5413 2.58126C25.3801 2.45647 25.2072 2.34049 25.0405 2.23061C23.8385 1.43829 15.5245 4.21139 11.5177 5.69698C9.02616 6.14488 7.69768 6.93038 7.04368 7.67776M25.5413 2.58126C26.2091 1.80411 27.6449 0.447906 28.0455 1.24022C28.5464 2.23061 33.5548 8.17296 34.5565 11.1441C35.3579 13.5211 34.8904 16.0961 34.5565 17.0865L32.5531 18.5721C30.2159 17.5817 25.4412 15.3038 25.0405 14.1153C24.6398 12.9268 23.538 8.55897 23.0371 6.52359M25.5413 2.58126C26.535 3.35017 27.0874 4.45328 23.0371 6.52359M23.0371 6.52359C24.0388 11.3651 25.2408 21.7413 22.0354 24.5144L16.0253 26C13.1872 24.6795 7.31064 21.5432 6.50928 19.5625C5.98133 18.2575 5.31424 16.5398 5.16801 14.6269M7.04368 7.67776C5.02912 8.66815 1 10.847 1 11.6393C1 12.6297 0.821684 16.6241 5.16801 14.6269
butterfly_5,171,91,39,17,0,#000000,,,,M21.1054 11.9839C20.8902 12.054 20.6854 12.1226 20.4935 12.1885C18.2377 12.6951 16.4338 13.1431 14.9953 13.5452M21.1054 11.9839C22.401 9.94409 25.3918 5.66997 26.9913 4.89164C28.9906 3.91873 31.9896 2.45937 37.4878 1C38.1542 1.64861 39.5871 3.1404 39.987 3.91873C40.3868 4.69706 31.4898 8.6891 26.9913 10.5878M21.1054 11.9839C22.8561 11.4136 25.2918 10.7421 26.9913 10.5878M21.1054 11.9839C17.9025 10.7548 10.3969 7.42121 5.99833 3.91873C4.33222 4.14909 1 5.3472 1 8.29683C1 9.85843 3.61517 11.0917 6.7687 11.9839M26.9913 10.5878C28.1672 10.4811 28.9906 10.6221 28.9906 11.2156C28.9906 13.1614 23.4925 15.5937 20.4935 16.0801C17.4945 16.5666 10.4968 18.9988 9.99699 17.5395C9.71599 16.719 8.96105 16.0523 10.663 15.1072M14.9953 13.5452C12.8 13.3003 9.5717 12.7768 6.7687 11.9839M14.9953 13.5452C12.8056 14.1573 11.463 14.663 10.663 15.1072M6.7687 11.9839C5.25545 12.7007 2.68293 14.3289 4.49883 15.1072C6.31473 15.8855 9.36493 15.4315 10.663 15.1072